{
  "cookedFish": 7.55391358715939,
  "heavyAmmo": 2.7924666043904747,
  "steel": 1.6840545348710303,
  "bread": 1.768699420508942,
  "grain": 0.07371256677558219,
  "limestone": 0.08407510902859684,
  "coca": 0.07536947074344247,
  "concrete": 1.6822829445422551,
  "oil": 0.16863159762713587,
  "case1": 3.5578513422061664,
  "lightAmmo": 0.17279244906378463,
  "steak": 3.7372116066429646,
  "livestock": 1.5162299071405707,
  "cocain": 34.55454385964911,
  "lead": 0.0853892399048075,
  "fish": 3.3871959927140267,
  "petroleum": 0.07757356235997015,
  "ammo": 0.692385826771654,
  "iron": 0.08613957287342983,
  "scraps": 0.2311854923353124,
  "case2": 30.957823529411755
}